<?xml version="1.0" encoding="UTF-8"?>
<project-private xmlns="http://www.netbeans.org/ns/project-private/1">
    <editor-bookmarks xmlns="http://www.netbeans.org/ns/editor-bookmarks/2" lastBookmarkId="0"/>
    <open-files xmlns="http://www.netbeans.org/ns/projectui-open-files/2">
        <group>
            <file>file:/C:/Users/ib/Documents/NetBeansProjects/TpImmigration/src/java/fr/formation/jsf/database/ConnectToDB.java</file>
            <file>file:/C:/Users/ib/Documents/NetBeansProjects/TpImmigration/web/profil.xhtml</file>
            <file>file:/C:/Users/ib/Documents/NetBeansProjects/TpImmigration/web/resources/light/css/principal.css</file>
            <file>file:/C:/Users/ib/Documents/NetBeansProjects/TpImmigration/web/resources/defaut/css/principal.css</file>
            <file>file:/C:/Users/ib/Documents/NetBeansProjects/TpImmigration/src/java/fr/formation/jsf/database/Fonctions.java</file>
            <file>file:/C:/Users/ib/Documents/NetBeansProjects/TpImmigration/src/java/fr/formation/jsf/personn/ProfilBean.java</file>
            <file>file:/C:/Users/ib/Documents/NetBeansProjects/TpImmigration/web/index.xhtml</file>
        </group>
    </open-files>
</project-private>
